552845,Ageas Insurance Limited
625024,Aldridge Education
328844,Alec Reed Academy
418656,apetito Ltd
586273,Arbor Education Partners Ltd
412125,Ark Workplace Risk Ltd
473192,BARCHESTER HEALTHCARE
525295,Blackpool and The Fylde College
465370,BLM
407907,Bluetownonline Ltd
591734,British Business Bank
622947,Brockenhurst College
400882,Bromcom Computers Plc
593269,Brook Street
447772,Bytes Software Services Limited
622904,CALOR GAS LIMITED
593825,Cambridge University Press
625206,Cheam High School
624252,Complyport Limited
618922,Coventry University
505064,CVS Group Plc
575821,Cygnet Health Care
620396,Davies Group
525295,Blackpool and The Fylde College
465370,BLM
407907,Bluetownonline Ltd
591734,British Business Bank
622947,Brockenhurst College
400882,Bromcom Computers Plc
593269,Brook Street
447772,Bytes Software Services Limited
622904,CALOR GAS LIMITED
593825,Cambridge University Press
625206,Cheam High School
624252,Complyport Limited
618922,Coventry University
505064,CVS Group Plc
575821,Cygnet Health Care
620396,Davies Group
555898,Dun & Bradstreet
450740,Ecorys
599129,Elysium Healthcare
613569,Essex County Council
543509,Excelcare Holdings
543509,Excelcare Holdings
543509,Excelcare Holdings
543509,Excelcare Holdings
555712,Financial Ombudsman Service
622014,Flint Consulting Limited
500327,Forza Foods Ltd
548528,Furniture Village
416913,General Pharmaceutical Council
624481,Gold-i Ltd
493477,GOODWIN PLC
409615,Greenergy International Ltd
619245,Greenwood Academies Trust
496972,Hampton Academies Trust
473844,Harris Federation
495956,HC-One Limited
596284,Hertfordshire County Council
621623,Hexagon Housing Association
595664,Human Appeal
548643,HYPEROPTIC LTD
584817,In Touch Networks
469704,Inside Marketing
420428,Intouch Games Ltd
404159,Investigo
400944,ITC Infotech Limited
609560,Jewish Care
538210,Jisc
624509,Just Hospitality
407780,Kier Group
613900,Knights Professional Services
550967,L M MANUFACTURING LTD
470325,LANDMARK INFORMATION GROUP
547688,L'Arche
624620,LIAISE LODDON LTD
601877,Linklaters
624585,Living Well Partnership
551058,London South Bank University
600517,Manchester City Council
543961,Meganexus Ltd
625319,Moonbug Entertainment Limited
381223,Morgan Hunt UK Limited
389257,Morgan McKinley
593668,National Farmers Union
428385,NHBC
564292,NHS National Services Scotland
500958,NHS Professionals
624012,NHS Property Services Ltd
583609,Nominet
375444,NQC Ltd
531797,Ofcom
528227,OOCL UK Branch
587998,Opes Financial Partners Limited
433152,Opus Energy Ltd
134670,Penguin Recruitment Ltd
379697,Percepta UK Limited
476176,Perenco Holdings
394026,Pilgrims Group Ltd
582955,Pinsent Masons LLP
595046,Portsea Asset Management LLP
439703,Premier Foods
429792,Priory Group
306165,Propel London
461090,QVC UK
603440,Reading Borough Council
603623,Renaissance Care (Scotland) Ltd
625153,Rowlands Pharmacy
510736,Sagacity Solutions Ltd
352542,Secom Plc
413377,Servcorp UK Limited
493219,Signature Senior Lifestyle Ltd
483639,Signwaves Ltd
430949,Skipton Building Society
624799,Smart Pension Limited
616491,Sopra Steria Limited
608100,South Gloucestershire Council
571687,South Hampstead High School
625208,South Wales Police
623266,SSI Schaefer Ltd
402175,St Andrew's Healthcare
400878,Sucden Financial Limited
374143,Sue Ryder Care
624680,SUPER FINANCIAL LIMITED
402085,Surrey County Council
130723,Swanstaff Recruitment LTD
126720,Talent Point Ltd
622992,Tech Mahindra Limited
620852,The Fremantle Trust
528321,The Medical Protection Society Limited
621243,THE PIONEER ACADEMY
272617,The Royal British Legion
592596,The Royal Society of Chemistry
618590,The UCL Academy
542081,Toyota
581392,Tradition (UK) Limited
464596,Turning Point
429133,University of Derby
314189,University of East Anglia
556725,Vacancy Filler Limited
327938,Vibe Teacher Recruitment Ltd
466406,Wellington College
625243,West Midlands Combined Authority
604942,West Sussex County Council
494901,Westminster City Council
625283,Yeovil District Hospital NHS Foundation Trust
473054,Yorkshire Prosperity Limited
625295,ZEF CONCEPTS LTD
555948,Zen Educate Limited
